CODIGO,DISTRITO,DEPARTAMENTO,MUNICIPIO,ESTABLECIMIENTO,DIRECCION,TELEFONO,SUPERVISOR,DIRECTOR,NIVEL,SECTOR,AREA,STATUS,MODALIDAD,JORNADA,PLAN,DEPARTAMENTAL
06-01-0039-46,06-001,SANTA ROSA,CUILAPA,"ESCUELA NACIONAL DE CIENCIAS COMERCIALES ""PROFESOR JORGE HUGO BARILLAS MɎDEZ",LOTIFICACION BELLA VISTA EL CALVARIO,42997568,IRMA YOLANDA CHACON ARROYO,CARLA SELENE FORTUNY HERNNDEZ,DIVERSIFICADO,OFICIAL,URBANA,ABIERTA,MONOLINGUE,MATUTINA,DIARIO(REGULAR),SANTA ROSA
06-01-0040-46,06-001,SANTA ROSA,CUILAPA,LICEO CUILAPA,CABECERA MUNICIPAL,58560517,IRMA YOLANDA CHACON ARROYO,NERY FRANCISCO MAURICIO LӐEZ,DIVERSIFICADO,PRIVADO,URBANA,CERRADA TEMPORALMENTE,MONOLINGUE,NOCTURNA,DIARIO(REGULAR),SANTA ROSA
06-01-0069-46,06-001,SANTA ROSA,CUILAPA,INSTITUTO NACIONAL DE EDUCACION DIVERSIFICADA,LOTIFICACION BELLA VISTA BARRIO EL CALVARIO,54089468,IRMA YOLANDA CHACON ARROYO,NERY FRANCISCO MAURICIO LӐEZ,DIVERSIFICADO,OFICIAL,URBANA,ABIERTA,MONOLINGUE,VESPERTINA,DIARIO(REGULAR),SANTA ROSA
06-01-0091-46,06-001,SANTA ROSA,CUILAPA,"COLEGIO TECNOLOGICO MODERNO ""NUESTRA SEяRA DE LA ASUNCION""","ALDEA GUACAMAYAS, VILLA LAURA",41064795,IRMA YOLANDA CHACON ARROYO,JULIO HILARIO SNCHEZ CARRILLO,DIVERSIFICADO,PRIVADO,RURAL,ABIERTA,MONOLINGUE,VESPERTINA,DIARIO(REGULAR),SANTA ROSA
06-01-0099-46,06-001,SANTA ROSA,CUILAPA,ESCUELA NORMAL INTERCULTURAL,"LOTIFICACIӎ BELLA VISTA, BARRIO EL CALVARIO",78865480,IRMA YOLANDA CHACON ARROYO,ANGELA RAQUEL DIVAS QUEVEDO,DIVERSIFICADO,OFICIAL,URBANA,ABIERTA,MONOLINGUE,MATUTINA,DIARIO(REGULAR),SANTA ROSA
06-01-0105-46,06-039,SANTA ROSA,CUILAPA,"CENTRO DE EDUCACIӎ EXTRAESCOLAR -CEEX- ""COOPERATIVA EL RECUERDO""",CENTRO CULTURAL DE LAS AMERICAS 5 CALLE 1-09 ZONA 1,78866063,JORGE BALDOMERO GONZALEZ BARRERA,ALEYDA MARGARITA MONTENEGRO HERNNDEZ,DIVERSIFICADO,PRIVADO,URBANA,ABIERTA,MONOLINGUE,DOBLE,FIN DE SEMANA,SANTA ROSA
06-01-0107-46,06-001,SANTA ROSA,CUILAPA,"COLEGIO PARTICULAR MIXTO ""DIVINO NIя""",COLONIA LAS VICTORIAS,59495525,IRMA YOLANDA CHACON ARROYO,DELMY PATRICIA CONTRERAS RASHJAL,DIVERSIFICADO,PRIVADO,URBANA,ABIERTA,MONOLINGUE,DOBLE,FIN DE SEMANA,SANTA ROSA
06-01-0108-46,06-001,SANTA ROSA,CUILAPA,COLEGIO PARTICULAR MIXTO BILING܅ SANTA FAMILIA,"KILOMETRO 57.5 CARRETERA AL SALVADOR, ALDEA SAN JUAN DE ARANA, CUILAPA, SANTA ROSA ALDEA SAN JUAN DE ARANA, CUILAPA, SANTA ROSA",77254514,IRMA YOLANDA CHACON ARROYO,DAVID GUILLERMO BARRIENTOS VALDEZ,DIVERSIFICADO,PRIVADO,RURAL,ABIERTA,MONOLINGUE,VESPERTINA,DIARIO(REGULAR),SANTA ROSA
06-01-0109-46,06-001,SANTA ROSA,CUILAPA,COLEGIO PARTICULAR MIXTO BILING܅ SANTA FAMILIA,"KILOMETRO 57.5 CARRETERA AL SALVADOR, ALDEA SAN JUAN DE ARANA, CUILAPA, SANTA ROSA ALDEA SAN JUAN DE ARANA, CUILAPA, SANTA ROSA",77254514,IRMA YOLANDA CHACON ARROYO,DAVID GUILLERMO BARRIENTOS VALDEZ,DIVERSIFICADO,PRIVADO,RURAL,ABIERTA,MONOLINGUE,VESPERTINA,DIARIO(REGULAR),SANTA ROSA
06-01-0110-46,06-039,SANTA ROSA,CUILAPA,"PROGRAMA NACIONAL DE EDUCACIӎ ALTERNATIVA, PRONEA","4A. CALLE 2-55 ZONA 4, BARRIO EL LLANITO, CUILAPA, SANTA ROSA",78865957,JORGE BALDOMERO GONZALEZ BARRERA,JORGE BALDOMERO GONZLEZ BARRERA,DIVERSIFICADO,OFICIAL,RURAL,ABIERTA,MONOLINGUE,DOBLE,A DISTANCIA,SANTA ROSA
06-01-0116-46,06-039,SANTA ROSA,CUILAPA,"CENTRO DE EDUCACIӎ EXTRAESCOLAR ""SANTA ROSITA""",CENTRO PREVENTIVO EL BOQUERON,30157695,JORGE BALDOMERO GONZALEZ BARRERA,GRICELDA ESCOBAR LEMUS,DIVERSIFICADO,OFICIAL,RURAL,ABIERTA,MONOLINGUE,MATUTINA,DIARIO(REGULAR),SANTA ROSA
06-01-0118-46,06-039,SANTA ROSA,CUILAPA,"""CENTRO DE EDUCACIӎ EXTRAESCOLAR -CEEX- DEPARTAMENTAL""","4A. CALLE 2-55, ZONA 4 BARRIO EL LLANITO, CUILAPA, SANTA ROSA",78865585,JORGE BALDOMERO GONZALEZ BARRERA,MARTA JULIA BARRERA BARRERA DE ALVAREZ,DIVERSIFICADO,OFICIAL,URBANA,ABIERTA,MONOLINGUE,DOBLE,SEMIPRESENCIAL,SANTA ROSA
06-01-0119-46,06-001,SANTA ROSA,CUILAPA,"COLEGIO CATӌICO ECO-TECNOLӇICO ""SAGRADO CORAZON DE JESړ""","EL BOQUERӎ, KILӍETRO 66",35702888,IRMA YOLANDA CHACON ARROYO,JUANA MAŔ TELLO GARĆ,DIVERSIFICADO,PRIVADO,RURAL,ABIERTA,MONOLINGUE,MATUTINA,DIARIO(REGULAR),SANTA ROSA
06-01-0122-46,06-001,SANTA ROSA,CUILAPA,COLEGIO TECNOLӇICO BILING܅ EL HERMANO PEDRO,"COLONIA CHINA, BARRIO LA PARROQUIA",78865470,IRMA YOLANDA CHACON ARROYO,CɓAR AUGUSTO MIRANDA QUINTANILLA,DIVERSIFICADO,PRIVADO,URBANA,ABIERTA,MONOLINGUE,SIN JORNADA,SEMIPRESENCIAL (UN D́ A LA SEMANA),SANTA ROSA
06-01-1070-46,06-001,SANTA ROSA,CUILAPA,COLEGIO PARTICULAR MIXTO BILINGUE SANTA FAMILIA,ALDEA SAN JUAN DE ARANA,77254514,IRMA YOLANDA CHACON ARROYO,DAVID GUILLERMO BARRIENTOS VALDEZ,DIVERSIFICADO,PRIVADO,RURAL,ABIERTA,MONOLINGUE,VESPERTINA,DIARIO(REGULAR),SANTA ROSA
06-01-1515-46,25-000,SANTA ROSA,CUILAPA,INSTITUTO GUATEMALTECO DE EDUCACION RADIOFONICA (IGER),CUILAPA,,SONIA HAYDEE REYES MONTERROSO,,DIVERSIFICADO,PRIVADO,URBANA,CERRADA TEMPORALMENTE,MONOLINGUE,MATUTINA,A DISTANCIA,SANTA ROSA
06-01-1675-46,06-001,SANTA ROSA,CUILAPA,COLEGIO TECNOLOGICO BILINGUE EL HERMANO PEDRO,"COLONIA CHINA, BARRIO LA PARROQUIA",78865470,IRMA YOLANDA CHACON ARROYO,CɓAR AUGUSTO MIRANDA QUINTANILLA,DIVERSIFICADO,PRIVADO,URBANA,ABIERTA,MONOLINGUE,VESPERTINA,DIARIO(REGULAR),SANTA ROSA
06-01-1989-46,06-001,SANTA ROSA,CUILAPA,COLEGIO TECNICO INDUSTRIAL EMANUEL,"COLONIA CHINA, BARRIO LA PARROQUIA",,IRMA YOLANDA CHACON ARROYO,MARLEN JANETH LӐEZ CALDERON,DIVERSIFICADO,PRIVADO,URBANA,ABIERTA,MONOLINGUE,VESPERTINA,DIARIO(REGULAR),SANTA ROSA
06-02-0005-46,06-027,SANTA ROSA,BARBERENA,INSTITUTO MIXTO DE DIVERSIFICADO POR COOPERATIVA DE ENSEсNZA TECNOLOGICO DE SURORIENTE,KM 55 CARRETERA A EL SALVADOR,78232493,YESENIA ALEJANDRA HERRERA MONTERROSO DE PIVARAL,ERWIN FEDERICO ZEA GARCIA,DIVERSIFICADO,COOPERATIVA,URBANA,CERRADA TEMPORALMENTE,MONOLINGUE,DOBLE,DIARIO(REGULAR),SANTA ROSA
06-02-0011-46,06-027,SANTA ROSA,BARBERENA,INSTITUTO NACIONAL DE EDUCACION DIVERSIFICADA,ALDEA FRAY BARTOLOME DE LAS CASAS,78882045,YESENIA ALEJANDRA HERRERA MONTERROSO DE PIVARAL,JUAN ALBERTO MONZӎ GARĆ,DIVERSIFICADO,OFICIAL,RURAL,ABIERTA,MONOLINGUE,MATUTINA,DIARIO(REGULAR),SANTA ROSA
06-02-0020-46,06-027,SANTA ROSA,BARBERENA,"COLEGIO TECNOLOGICO MIXTO BILINGUE ""BELEN""","5A. AVENIDA 0-24, ZONA 1, BARRIO LA IGLESIA",78871717,YESENIA ALEJANDRA HERRERA MONTERROSO DE PIVARAL,ERWIN FEDERICO ZEA GARCIA,DIVERSIFICADO,PRIVADO,URBANA,ABIERTA,MONOLINGUE,VESPERTINA,DIARIO(REGULAR),SANTA ROSA
06-02-0022-46,06-027,SANTA ROSA,BARBERENA,COLEGIO TECNICO INTEGRADO,"LOTE 10, COLONIA LAS ESTRELLAS",78870936,YESENIA ALEJANDRA HERRERA MONTERROSO DE PIVARAL,ALLAN PAOLO GIRӎ JIMɎEZ,DIVERSIFICADO,PRIVADO,URBANA,ABIERTA,MONOLINGUE,MATUTINA,DIARIO(REGULAR),SANTA ROSA
06-02-0030-46,06-027,SANTA ROSA,BARBERENA,INSTITUTO PARTICULAR MIXTO DE MERCADOTECNIA Y PUBLICIDAD DE SURORIENTE,"4A. CALLE 8-36, ZONA 1",78445005,YESENIA ALEJANDRA HERRERA MONTERROSO DE PIVARAL,KARLA JULISA ROMERO SERRANO,DIVERSIFICADO,PRIVADO,URBANA,ABIERTA,MONOLINGUE,MATUTINA,DIARIO(REGULAR),SANTA ROSA
06-02-0032-46,06-027,SANTA ROSA,BARBERENA,INSTITUTO PARTICULAR MIXTO DE MERCADOTECNIA Y PUBLICIDAD DE SURORIENTE,"4A. CALLE 8-36, ZONA 1",78445005,YESENIA ALEJANDRA HERRERA MONTERROSO DE PIVARAL,ELMA JANETH RAM͒EZ SANDOVAL,DIVERSIFICADO,PRIVADO,URBANA,ABIERTA,MONOLINGUE,DOBLE,FIN DE SEMANA,SANTA ROSA
06-02-0037-46,06-027,SANTA ROSA,BARBERENA,"LICEO ""SAN ANTONIO""","LOTE 30, SECTOR EL CAMPO ALDEA FRAY BARTOLOMɠDE LAS CASAS",50194872,YESENIA ALEJANDRA HERRERA MONTERROSO DE PIVARAL,BAYRON RAFAEL LӐEZ VALENZUELA,DIVERSIFICADO,PRIVADO,RURAL,ABIERTA,MONOLINGUE,DOBLE,FIN DE SEMANA,SANTA ROSA
06-02-0038-46,06-027,SANTA ROSA,BARBERENA,INSTITUTO MIXTO DIVERSIFICADO POR COOPERATIVA DE ENSEсNZA TECNOLӇICO DE SURORIENTE,CABECERA MUNICIPAL,78232493,YESENIA ALEJANDRA HERRERA MONTERROSO DE PIVARAL,GLORIA LIZBETH CASTAхDA BARRERA,DIVERSIFICADO,COOPERATIVA,URBANA,ABIERTA,MONOLINGUE,VESPERTINA,DIARIO(REGULAR),SANTA ROSA
06-02-0076-46,06-039,SANTA ROSA,BARBERENA,"CENTRO DE EDUCACIӎ EXTRAESCOLAR ""ESCUELA DE CAFICULTURA""",FINCA LAS FLORES,31692818,JORGE BALDOMERO GONZALEZ BARRERA,WENDY CAROLINA FUENTES ALVARADO,DIVERSIFICADO,PRIVADO,RURAL,ABIERTA,MONOLINGUE,DOBLE,FIN DE SEMANA,SANTA ROSA
06-02-0077-46,06-027,SANTA ROSA,BARBERENA,"COLEGIO PARTICULAR MIXTO ""SAN FRANCISCO DE AS͓""",COLONIA SAN GABRIEL,78871692,YESENIA ALEJANDRA HERRERA MONTERROSO DE PIVARAL,MARIO ARTURO GALINDO JUREZ,DIVERSIFICADO,PRIVADO,URBANA,ABIERTA,MONOLINGUE,VESPERTINA,DIARIO(REGULAR),SANTA ROSA
06-02-0080-46,06-027,SANTA ROSA,BARBERENA,"INSTITUTO TECNOLOGICO PRIVADO DE SANTA ROSA ""CRISTO VIVE""","4A. AVENIDA 1-074, ZONA 1",78227801,YESENIA ALEJANDRA HERRERA MONTERROSO DE PIVARAL,GUILLERMO ARTURO LINARES VELSQUEZ,DIVERSIFICADO,PRIVADO,URBANA,ABIERTA,MONOLINGUE,MATUTINA,DIARIO(REGULAR),SANTA ROSA
06-02-0081-46,06-027,SANTA ROSA,BARBERENA,"INSTITUTO TECNOLOGICO PRIVADO DE SANTA ROSA ""CRISTO VIVE""","4A. AVENIDA 1-074, ZONA 1",78227801,YESENIA ALEJANDRA HERRERA MONTERROSO DE PIVARAL,JOSɠANTONIO CORTɚ RAM͒EZ,DIVERSIFICADO,PRIVADO,URBANA,ABIERTA,MONOLINGUE,VESPERTINA,DIARIO(REGULAR),SANTA ROSA
06-02-0083-46,06-027,SANTA ROSA,BARBERENA,"INSTITUTO TECNOLOGICO PRIVADO DE SANTA ROSA ""CRISTO VIVE""","4A. AVENIDA 1-074, ZONA 1",78227801,YESENIA ALEJANDRA HERRERA MONTERROSO DE PIVARAL,GUILLERMO ARTURO LINARES VELSQUEZ,DIVERSIFICADO,PRIVADO,URBANA,ABIERTA,MONOLINGUE,INTERMEDIA,DIARIO(REGULAR),SANTA ROSA
06-02-0084-46,06-027,SANTA ROSA,BARBERENA,"INSTITUTO TECNOLOGICO PRIVADO DE SANTA ROSA ""CRISTO VIVE""","4A. AVENIDA 1-074, ZONA 1",78227801,YESENIA ALEJANDRA HERRERA MONTERROSO DE PIVARAL,JOSɠANTONIO CORTɚ RAM͒EZ,DIVERSIFICADO,PRIVADO,URBANA,ABIERTA,MONOLINGUE,NOCTURNA,DIARIO(REGULAR),SANTA ROSA
06-02-0085-46,06-027,SANTA ROSA,BARBERENA,"INSTITUTO TECNOLOGICO PRIVADO DE SANTA ROSA ""CRISTO VIVE""","4A. AVENIDA 1-074, ZONA 1",78227801,YESENIA ALEJANDRA HERRERA MONTERROSO DE PIVARAL,JOSɠANTONIO CORTɚ RAM͒EZ,DIVERSIFICADO,PRIVADO,URBANA,ABIERTA,MONOLINGUE,DOBLE,FIN DE SEMANA,SANTA ROSA
06-02-0091-46,06-027,SANTA ROSA,BARBERENA,"COLEGIO MIXTO BILING܅ ""CAMPO VERDE""","4TA. CALLE FINAL BARBERENA, SANTA ROSA",78870260,YESENIA ALEJANDRA HERRERA MONTERROSO DE PIVARAL,CATHERINE BET-Sځ MORALES ARGUETA,DIVERSIFICADO,PRIVADO,URBANA,ABIERTA,MONOLINGUE,MATUTINA,MIXTO,SANTA ROSA
06-02-0093-46,06-027,SANTA ROSA,BARBERENA,"COLEGIO MIXTO ""SAN JOSɢ",ALDEA UTZUMAZATE A LA PAR DEL OBISPADO DE LA DIӃESIS DE SANTA ROSA DE LIMA Y PASTORAL SOCIAL CRITAS,78871400,YESENIA ALEJANDRA HERRERA MONTERROSO DE PIVARAL,ELIO NOɠLӐEZ,DIVERSIFICADO,PRIVADO,RURAL,ABIERTA,MONOLINGUE,DOBLE,DIARIO(REGULAR),SANTA ROSA
06-02-0095-46,06-027,SANTA ROSA,BARBERENA,"INSTITUTO TECNOLӇICO PRIVADO ""CRISTO VIVE""",4TA. AVENIDA 1-074 ZONA 1,78227801,YESENIA ALEJANDRA HERRERA MONTERROSO DE PIVARAL,JOSɠANTONIO CORTɚ RAM͒EZ,DIVERSIFICADO,PRIVADO,URBANA,ABIERTA,MONOLINGUE,SIN JORNADA,SEMIPRESENCIAL (FIN DE SEMANA),SANTA ROSA
06-02-0096-46,06-027,SANTA ROSA,BARBERENA,LICEO SAN ANTONIO,LOTE 30 SECTOR EL CAMPO,42129001,YESENIA ALEJANDRA HERRERA MONTERROSO DE PIVARAL,BAYRON RAFAEL LӐEZ VALENZUELA,DIVERSIFICADO,PRIVADO,RURAL,ABIERTA,MONOLINGUE,SIN JORNADA,SEMIPRESENCIAL (UN D́ A LA SEMANA),SANTA ROSA
06-02-0099-46,06-027,SANTA ROSA,BARBERENA,COLEGIO MIXTO SAN JOSɼ/td>,ALDEA UTZUMAZATE A LA PAR DEL OBISPADO DE LA DIӃESIS DE SANTA ROSA DE LIMA,78871400,YESENIA ALEJANDRA HERRERA MONTERROSO DE PIVARAL,KEVYN RENATO GIRӎ JIMɎEZ,DIVERSIFICADO,PRIVADO,RURAL,ABIERTA,MONOLINGUE,SIN JORNADA,SEMIPRESENCIAL (FIN DE SEMANA),SANTA ROSA
06-02-0101-46,06-027,SANTA ROSA,BARBERENA,INSTITUTO PARTICULAR MIXTO DE MERCADOTECNIA Y PUBLICIDAD DE SURORIENTE,4TA. CALLE 8-36 ZONA 1,78445005,YESENIA ALEJANDRA HERRERA MONTERROSO DE PIVARAL,ELMA JANETH RAM͒EZ SANDOVAL,DIVERSIFICADO,PRIVADO,URBANA,ABIERTA,MONOLINGUE,SIN JORNADA,SEMIPRESENCIAL (FIN DE SEMANA),SANTA ROSA
06-02-0102-46,06-027,SANTA ROSA,BARBERENA,"INSTITUTO TECNOLӇICO PRIVADO DE SANTA ROSA ""CRISTO VIVE""",4A. AVENIDA 1-074 ZONA 1 BARBERENA,78227801,YESENIA ALEJANDRA HERRERA MONTERROSO DE PIVARAL,GUILLERMO ARTURO LINARES VELSQUEZ,DIVERSIFICADO,PRIVADO,URBANA,ABIERTA,MONOLINGUE,NOCTURNA,DIARIO(REGULAR),SANTA ROSA
06-02-0448-46,06-027,SANTA ROSA,BARBERENA,INSTITUTO PARTICULAR MIXTO DE MERCADOTECNIA Y PUBLICIDAD DE SURORIENTE,4A. CALLE 8-36 ZONA 1,78445005,YESENIA ALEJANDRA HERRERA MONTERROSO DE PIVARAL,ELMA JANETH RAM͒EZ SANDOVAL,DIVERSIFICADO,PRIVADO,URBANA,ABIERTA,MONOLINGUE,VESPERTINA,DIARIO(REGULAR),SANTA ROSA
06-02-0469-46,06-027,SANTA ROSA,BARBERENA,INSTITUTO PARTICULAR MIXTO DE MERCADOTECNIA Y PUBLICIDAD DE SURORIENTE,"4A. CALLE 8-36, ZONA 1",78445005,YESENIA ALEJANDRA HERRERA MONTERROSO DE PIVARAL,ELMA JANETH RAM͒EZ SANDOVAL,DIVERSIFICADO,PRIVADO,URBANA,ABIERTA,MONOLINGUE,DOBLE,FIN DE SEMANA,SANTA ROSA
06-02-1094-46,06-027,SANTA ROSA,BARBERENA,COLEGIO LICEO MIXTO GUADALUPANO,"5A. AVENIDA 2-37 ZONA 1, BARRIO LA IGLESIA",78871327,YESENIA ALEJANDRA HERRERA MONTERROSO DE PIVARAL,MARIO ROLANDO GIRӎ CORDERO,DIVERSIFICADO,PRIVADO,URBANA,ABIERTA,MONOLINGUE,VESPERTINA,DIARIO(REGULAR),SANTA ROSA
06-02-1242-46,06-027,SANTA ROSA,BARBERENA,"COLEGIO MIXTO ""SAN JOSE""",A LA PAR DEL OBISPADO DE LA DIӃESIS DE SANTA ROSA DE LIMA Y PASTORAL SOCIAL CRITAS ALDEA UTZUMAZATE,78871400,YESENIA ALEJANDRA HERRERA MONTERROSO DE PIVARAL,ELIO NOɠLӐEZ,DIVERSIFICADO,PRIVADO,RURAL,ABIERTA,MONOLINGUE,VESPERTINA,DIARIO(REGULAR),SANTA ROSA
06-02-1941-46,06-027,SANTA ROSA,BARBERENA,COLEGIO MIXTO SAN JOSE,"ALDEA UTZUMAZATE, A LA PAR DEL OBISPADO DE LA DIӃESIS DE SANTA ROSA DE LIMA",78871400,YESENIA ALEJANDRA HERRERA MONTERROSO DE PIVARAL,KEVYN RENATO GIRӎ JIMɎEZ,DIVERSIFICADO,PRIVADO,URBANA,ABIERTA,MONOLINGUE,DOBLE,FIN DE SEMANA,SANTA ROSA
06-02-1998-46,06-027,SANTA ROSA,BARBERENA,INSTITUTO TECNOLOGICO PRIVADO DE SANTA ROSA CRISTO VIVE,4A. AVENIDA 1-074 ZONA 1,78227801,YESENIA ALEJANDRA HERRERA MONTERROSO DE PIVARAL,JOSɠANTONIO CORTɚ RAM͒EZ,DIVERSIFICADO,PRIVADO,URBANA,ABIERTA,MONOLINGUE,DOBLE,FIN DE SEMANA,SANTA ROSA
06-03-0021-46,06-005,SANTA ROSA,SANTA ROSA DE LIMA,INSTITUTO NACIONAL DE EDUCACION DIVERSIFICADA,CABECERA MUNICIPAL,55741223,DELIA JUDITH HERNANDEZ CARIAS,ADONIAS ELUZA͠MORN GODOY,DIVERSIFICADO,OFICIAL,URBANA,ABIERTA,MONOLINGUE,VESPERTINA,DIARIO(REGULAR),SANTA ROSA
06-03-1793-46,06-005,SANTA ROSA,SANTA ROSA DE LIMA,COLEGIO LICEO MIXTO DE EDUCACION 'PRESBITERO GUILLERMO JAGENEAU',ALDEA LAGUNA DE PEREIRA,24255600,DELIA JUDITH HERNANDEZ CARIAS,,DIVERSIFICADO,PRIVADO,RURAL,CERRADA TEMPORALMENTE,MONOLINGUE,DOBLE,FIN DE SEMANA,SANTA ROSA
06-03-1829-46,06-005,SANTA ROSA,SANTA ROSA DE LIMA,LICEO MIXTO DE EDUCACION PRESBITERO GUILLERMO JAGENEAU,ALDEA LAGUNA PEREIRA,55789212,DELIA JUDITH HERNANDEZ CARIAS,ROSAURA BARRIENTOS CALDERӎ,DIVERSIFICADO,PRIVADO,RURAL,ABIERTA,MONOLINGUE,VESPERTINA,DIARIO(REGULAR),SANTA ROSA
06-04-0028-46,06-040,SANTA ROSA,CASILLAS,INSTITUTO NACIONAL DE EDUCACION DIVERSIFICADA,CALLE PRINCIPAL,41280696,BRENDA GRISEL GARCIA BATRES DE DONIS,NADIA FERNANDA DAVILA MAYɎ,DIVERSIFICADO,OFICIAL,URBANA,ABIERTA,MONOLINGUE,VESPERTINA,DIARIO(REGULAR),SANTA ROSA
06-04-0029-46,06-024,SANTA ROSA,CASILLAS,INSTITUTO NACIONAL DE EDUCACION DIVERSIFICADA,ALDEA AYARZA,40621908,PABLO DE JESUS SANTOS ALVAREZ,YULI RODRIGUEZ QUINTEROS,DIVERSIFICADO,OFICIAL,RURAL,ABIERTA,MONOLINGUE,MATUTINA,DIARIO(REGULAR),SANTA ROSA
06-04-0045-46,06-024,SANTA ROSA,CASILLAS,CENTRO EDUCATIVO AYARZA CEA,ALDEA AYARZA,54827897,PABLO DE JESUS SANTOS ALVAREZ,GLENDA AMARILIS ARRIAGA MEDRANO,DIVERSIFICADO,PRIVADO,RURAL,ABIERTA,MONOLINGUE,VESPERTINA,DIARIO(REGULAR),SANTA ROSA
06-04-0046-46,06-040,SANTA ROSA,CASILLAS,INSTITUTO POR COOPERATIVA DE DIVERSIFICADO,CABECERA MUNICIPAL,31108329,BRENDA GRISEL GARCIA BATRES DE DONIS,AURA ENCARNACIӎ CORTɚ GARĆ,DIVERSIFICADO,COOPERATIVA,URBANA,ABIERTA,MONOLINGUE,VESPERTINA,DIARIO(REGULAR),SANTA ROSA
06-04-0057-46,06-024,SANTA ROSA,CASILLAS,INSTITUTO NACIONAL DE EDUCACIӎ DIVERSIFICADA,ALDEA AYARZA,55737074,PABLO DE JESUS SANTOS ALVAREZ,JOSɠMISRRA͎ SANTOS BARRERA,DIVERSIFICADO,OFICIAL,RURAL,ABIERTA,MONOLINGUE,VESPERTINA,DIARIO(REGULAR),SANTA ROSA
06-04-1460-46,,SANTA ROSA,CASILLAS,COLEGIO PARROQUIAL MIXTO 'EL SAGRADO CORAZON DE JESUS',,,,,DIVERSIFICADO,PRIVADO,URBANA,CERRADA TEMPORALMENTE,MONOLINGUE,VESPERTINA,DIARIO(REGULAR),SANTA ROSA
06-04-2039-46,06-024,SANTA ROSA,CASILLAS,INSTITUTO MIXTO DE EDUCACION DIVERSIFICADA POR COOPERATIVA,ALDEA AYARZA,41270444,PABLO DE JESUS SANTOS ALVAREZ,LUIS FERNANDO RIVAS CEBALLOS,DIVERSIFICADO,COOPERATIVA,RURAL,ABIERTA,MONOLINGUE,VESPERTINA,DIARIO(REGULAR),SANTA ROSA
06-05-0009-46,06-007,SANTA ROSA,SAN RAFAEL LAS FLORES,INSTITUTO NACIONAL DE EDUCACION DIVERSIFICADA,CABECERA MUNICIPAL,42569596,MIRNA ARACELY MORALES ALVAREZ DE CAMEY,JڎIOR YESM͎ MORALES ESTRADA,DIVERSIFICADO,OFICIAL,URBANA,ABIERTA,MONOLINGUE,MATUTINA,DIARIO(REGULAR),SANTA ROSA
06-05-0018-46,06-007,SANTA ROSA,SAN RAFAEL LAS FLORES,"LICEO ""SAN RAFAEL""",BARRIO EL BORBOLLӎ,45632037,MIRNA ARACELY MORALES ALVAREZ DE CAMEY,DARLIN MABEL MIJANGOS ALVARADO,DIVERSIFICADO,PRIVADO,URBANA,ABIERTA,MONOLINGUE,VESPERTINA,DIARIO(REGULAR),SANTA ROSA
06-05-0021-46,06-007,SANTA ROSA,SAN RAFAEL LAS FLORES,LICEO SAN RAFAEL,"BARRIO EL BORBOLLӎ, ZONA 0",45632037,MIRNA ARACELY MORALES ALVAREZ DE CAMEY,DARLIN MABEL MIJANGOS ALVARADO,DIVERSIFICADO,PRIVADO,URBANA,ABIERTA,MONOLINGUE,DOBLE,FIN DE SEMANA,SANTA ROSA
06-05-0028-46,06-007,SANTA ROSA,SAN RAFAEL LAS FLORES,LICEO SAN RAFAEL,BARRIO EL BORBOLLӎ SAN RAFAEL LAS FLORES,45632037,MIRNA ARACELY MORALES ALVAREZ DE CAMEY,DARLIN MABEL MIJANGOS ALVARADO,DIVERSIFICADO,PRIVADO,URBANA,ABIERTA,MONOLINGUE,MATUTINA,DIARIO(REGULAR),SANTA ROSA
06-05-0030-46,06-007,SANTA ROSA,SAN RAFAEL LAS FLORES,LICEO SAN RAFAEL,"BARRIO EL BORBOLLON, ZONA 0",47329234,MIRNA ARACELY MORALES ALVAREZ DE CAMEY,DARLIN MABEL MIJANGOS ALVARADO,DIVERSIFICADO,PRIVADO,URBANA,ABIERTA,MONOLINGUE,SIN JORNADA,SEMIPRESENCIAL (FIN DE SEMANA),SANTA ROSA
06-06-0016-46,06-008,SANTA ROSA,ORATORIO,INSTITUTO NACIONAL DE EDUCACIӎ DIVERSIFICADA,CABECERA MUNICIPAL,36300096,ADELSO FRANCO FLORES,GUSTAVO ADOLFO SILVA HERNANDEZ,DIVERSIFICADO,OFICIAL,URBANA,ABIERTA,MONOLINGUE,VESPERTINA,DIARIO(REGULAR),SANTA ROSA
06-06-0023-46,06-009,SANTA ROSA,ORATORIO,"COLEGIO PARTICULAR MIXTO BILING܅ ""VILLA REAL""",CABECERA MUNICIPAL,78804742,ADELSO FRANCO FLORES,HECTOR MANUEL MORAN DIVAS,DIVERSIFICADO,PRIVADO,URBANA,ABIERTA,MONOLINGUE,DOBLE,FIN DE SEMANA,SANTA ROSA
06-06-0024-46,06-008,SANTA ROSA,ORATORIO,INSTITUTO DIVERSIFICADO POR COOPERATIVA DE ENSEсNZA,CABECERA MUNICIPAL,42231004,ADELSO FRANCO FLORES,FERNANDO ARREDONDO SALAZAR,DIVERSIFICADO,COOPERATIVA,URBANA,ABIERTA,MONOLINGUE,DOBLE,FIN DE SEMANA,SANTA ROSA
06-06-0025-46,06-009,SANTA ROSA,ORATORIO,INSTITUTO DE EDUCACIӎ DIVERSIFICADA POR COOPERATIVA DE ENSEсNZA,"ALDEA LA PROVIDENCIA ORATORIO, SANTA ROSA",42830085,ADELSO FRANCO FLORES,MARIA LUISA GODOY PALMA,DIVERSIFICADO,COOPERATIVA,RURAL,ABIERTA,MONOLINGUE,VESPERTINA,DIARIO(REGULAR),SANTA ROSA
06-06-0026-46,06-009,SANTA ROSA,ORATORIO,INSTITUTO DE EDUCACIӎ DIVERSIFICADA POR COOPERATIVA DE ENSEсNZA,"ALDEA LAS CABEZAS ORATORIO, SANTA ROSA",32186722,ADELSO FRANCO FLORES,FLOR DE MARIA GARCIA BARCO,DIVERSIFICADO,COOPERATIVA,RURAL,ABIERTA,MONOLINGUE,MATUTINA,DIARIO(REGULAR),SANTA ROSA
06-06-0028-46,06-008,SANTA ROSA,ORATORIO,"COLEGIO PARTICULAR MIXTO BILING܅ ""VILLA REAL""",5TA. AVENIDA Y 1RA. CALLE,78804742,ADELSO FRANCO FLORES,HECTOR MANUEL MORAN DIVAS,DIVERSIFICADO,PRIVADO,URBANA,ABIERTA,MONOLINGUE,SIN JORNADA,SEMIPRESENCIAL (FIN DE SEMANA),SANTA ROSA
06-06-0029-46,06-008,SANTA ROSA,ORATORIO,"COLEGIO PARTICULAR MIXTO BILING܅ ""VILLA REAL""",5TA. AVENIDA Y 1RA. CALLE,78804742,ADELSO FRANCO FLORES,HɃTOR MANUEL MORN DIVAS,DIVERSIFICADO,PRIVADO,URBANA,ABIERTA,MONOLINGUE,SIN JORNADA,SEMIPRESENCIAL (FIN DE SEMANA),SANTA ROSA
06-06-1797-46,06-008,SANTA ROSA,ORATORIO,COLEGIO PARTICULAR MIXTO BILINGUE 'VILLA REAL',01 CALLE 05-005 ZONA 0 ORATORIO,78804742,ADELSO FRANCO FLORES,HECTOR MANUEL MORAN DIVAS,DIVERSIFICADO,PRIVADO,URBANA,ABIERTA,MONOLINGUE,DOBLE,FIN DE SEMANA,SANTA ROSA
06-06-1841-46,06-008,SANTA ROSA,ORATORIO,INSTITUTO DIVERSIFICADO POR COOPERATIVA DE ENSEсNZA,CALLE DEL INSTITUTO,41898187,ADELSO FRANCO FLORES,FERNANDO ARREDONDO SALAZAR,DIVERSIFICADO,COOPERATIVA,URBANA,ABIERTA,MONOLINGUE,VESPERTINA,DIARIO(REGULAR),SANTA ROSA
06-06-1928-46,06-008,SANTA ROSA,ORATORIO,COLEGIO PARTICULAR MIXTO BILINGUE VILLA REAL,ORATORIO,,ADELSO FRANCO FLORES,BRENDA YADIRA MARROQU͎ MONTENEGRO,DIVERSIFICADO,PRIVADO,URBANA,ABIERTA,MONOLINGUE,VESPERTINA,DIARIO(REGULAR),SANTA ROSA
06-07-0010-46,06-035,SANTA ROSA,SAN JUAN TECUACO,INSTITUTO NACIONAL DE EDUCACION DIVERSIFICADA,CABECERA MUNICIPAL,50134682,JESLIAS ABELINO FELIPE VASQUEZ,NELVIN OMR MIJANGOS ESTEBAN,DIVERSIFICADO,OFICIAL,URBANA,ABIERTA,MONOLINGUE,MATUTINA,DIARIO(REGULAR),SANTA ROSA
06-07-0022-46,06-035,SANTA ROSA,SAN JUAN TECUACO,INSTITUTO DE DIVERSIFICADO POR COOPERATIVA DE ENSEсNZA,ALDEA SAN LUIS,50134682,JESLIAS ABELINO FELIPE VASQUEZ,NELVIN OMR MIJANGOS ESTEBAN,DIVERSIFICADO,COOPERATIVA,RURAL,ABIERTA,MONOLINGUE,VESPERTINA,DIARIO(REGULAR),SANTA ROSA
06-07-0023-46,06-035,SANTA ROSA,SAN JUAN TECUACO,INSTITUTO DIVERSIFICADO POR COOPERATIVA DE ENSEсNZA,CABECERA MUNICIPAL,50992884,JESLIAS ABELINO FELIPE VASQUEZ,MELVIN MORALES GARĆ,DIVERSIFICADO,COOPERATIVA,URBANA,ABIERTA,MONOLINGUE,VESPERTINA,DIARIO(REGULAR),SANTA ROSA
06-07-1681-46,06-035,SANTA ROSA,SAN JUAN TECUACO,INSTITUTO DIVERSIFICADO POR COOPERATIVA DE ENSEсNZA,CABECERA MUNICIPAL,,JESLIAS ABELINO FELIPE VASQUEZ,,DIVERSIFICADO,COOPERATIVA,RURAL,CERRADA TEMPORALMENTE,MONOLINGUE,DOBLE,DIARIO(REGULAR),SANTA ROSA
06-08-0043-46,06-036,SANTA ROSA,CHIQUIMULILLA,INSTITUTO MIXTO DE DIVERSIFICADO POR COOPERATIVA,ALDEA CASAS VIEJAS,58249852,JOSE DOMINGO SALAZAR CARIAS,RUBELIA LIBY LӐEZ FLORES,DIVERSIFICADO,COOPERATIVA,RURAL,ABIERTA,MONOLINGUE,VESPERTINA,DIARIO(REGULAR),SANTA ROSA
06-08-0052-46,06-036,SANTA ROSA,CHIQUIMULILLA,INSTITUTO NACIONAL DE EDUCACION DIVERSIFICADA,"AVENIDA INGRESO 6-26 ZONA 4, BARRIO SANTIAGO, INSTALACIONES DE LA EOUM ""EDUARDO PINEDA PIVARAL""",54668903,JOSE DOMINGO SALAZAR CARIAS,IRACEMA HIGINIA MORALES ORT͚,DIVERSIFICADO,OFICIAL,URBANA,ABIERTA,MONOLINGUE,VESPERTINA,DIARIO(REGULAR),SANTA ROSA
06-08-0056-46,06-036,SANTA ROSA,CHIQUIMULILLA,INSTITUTO NACIONAL DE EDUCACION DIVERSIFICADA,ALDEA OJO DE AGUA,41306707,JOSE DOMINGO SALAZAR CARIAS,CESAR ARMANDO MARTINEZ ALVAREZ,DIVERSIFICADO,OFICIAL,RURAL,ABIERTA,MONOLINGUE,VESPERTINA,DIARIO(REGULAR),SANTA ROSA
06-08-0061-46,06-036,SANTA ROSA,CHIQUIMULILLA,INSTITUTO POR COOPERATIVA DE DIVERSIFICADO,ALDEA LOS CERRITOS,33245110,JOSE DOMINGO SALAZAR CARIAS,GEIDY MARISELA SALAZAR CORTEZ,DIVERSIFICADO,COOPERATIVA,RURAL,ABIERTA,MONOLINGUE,VESPERTINA,DIARIO(REGULAR),SANTA ROSA
06-08-0066-46,06-012,SANTA ROSA,CHIQUIMULILLA,"COLEGIO MIXTO BILINGUE ""LICENCIADO OSMIN PINEDA MELGAR""",COLONIA VISTA HERMOSA,78851774,SIRIA ILEANA GONZALEZ REYES DE SIERRA,MAŔ DEL ROSARIO GUERRERO MART͎EZ,DIVERSIFICADO,PRIVADO,URBANA,ABIERTA,MONOLINGUE,MATUTINA,DIARIO(REGULAR),SANTA ROSA
06-08-0068-46,06-036,SANTA ROSA,CHIQUIMULILLA,INSTITUTO MIXTO DE EDUCACION DIVERSIFICADA POR COOPERATIVA DE ENSEсNZA,PARCELAMIENTO EL ASTILLERO,59308801,JOSE DOMINGO SALAZAR CARIAS,ADONAI PINEDA DE PAZ,DIVERSIFICADO,COOPERATIVA,RURAL,ABIERTA,MONOLINGUE,VESPERTINA,DIARIO(REGULAR),SANTA ROSA
06-08-0075-46,06-012,SANTA ROSA,CHIQUIMULILLA,"INSTITUTO TECNICO VOCACIONAL MIXTO ""THEODORE SCHULTZ""",BARRIO SAN SEBASTIN,78849634,SIRIA ILEANA GONZALEZ REYES DE SIERRA,MARIA DEL CARMEN SALAZAR RIVAS,DIVERSIFICADO,PRIVADO,URBANA,ABIERTA,MONOLINGUE,VESPERTINA,DIARIO(REGULAR),SANTA ROSA
06-08-0076-46,06-012,SANTA ROSA,CHIQUIMULILLA,INSTITUTO TECNICO INDUSTRIAL DE CHIQUIMULILLA,RESIDENCIALES SAN NGEL,78850033,SIRIA ILEANA GONZALEZ REYES DE SIERRA,ARGELIA EDITH MARROQU͎ LӐEZ,DIVERSIFICADO,PRIVADO,URBANA,ABIERTA,MONOLINGUE,VESPERTINA,DIARIO(REGULAR),SANTA ROSA
06-08-0077-46,06-012,SANTA ROSA,CHIQUIMULILLA,"COLEGIO TɃNICO DE COMPUTACIӎ ""C.T.S""",CABECERA MUNICIPAL,78851522,SIRIA ILEANA GONZALEZ REYES DE SIERRA,LUIS ESTUARDO GUDIEL ROBLEDO,DIVERSIFICADO,PRIVADO,URBANA,ABIERTA,MONOLINGUE,MATUTINA,DIARIO(REGULAR),SANTA ROSA
06-08-0078-46,06-012,SANTA ROSA,CHIQUIMULILLA,INSTITUTO PARTICULAR MIXTO DE MERCADOTECNIA Y PUBLICIDAD DE SURORIENTE,BARRIO SANTIAGO,78851585,SIRIA ILEANA GONZALEZ REYES DE SIERRA,BLANCA MAGNOLIA ALVIZURES GRAJEDA,DIVERSIFICADO,PRIVADO,URBANA,ABIERTA,MONOLINGUE,DOBLE,FIN DE SEMANA,SANTA ROSA
06-08-0079-46,06-012,SANTA ROSA,CHIQUIMULILLA,COLEGIO PARTICULAR MIXTO BILINGUE BLESSING,CABECERA MUNICIPAL,78850454,SIRIA ILEANA GONZALEZ REYES DE SIERRA,VIVIAN ODETTE VEGA ORELLANA,DIVERSIFICADO,PRIVADO,URBANA,CERRADA TEMPORALMENTE,MONOLINGUE,DOBLE,DIARIO(REGULAR),SANTA ROSA
06-08-0080-46,06-012,SANTA ROSA,CHIQUIMULILLA,ESCUELA NORMAL PARTICULAR DEL SUR,CABECERA MUNICIPAL,78849706,SIRIA ILEANA GONZALEZ REYES DE SIERRA,LISANDRO ABENAMAR FLORES CARBAJAL,DIVERSIFICADO,PRIVADO,URBANA,CERRADA TEMPORALMENTE,MONOLINGUE,MATUTINA,DIARIO(REGULAR),SANTA ROSA
06-08-0083-46,06-036,SANTA ROSA,CHIQUIMULILLA,INSTITUTO DE EDUCACION DIVERSIFICADA POR COOPERATIVA DE ENSEсNZA,ALDEA CASAS VIEJAS,58249852,JOSE DOMINGO SALAZAR CARIAS,RUBELIA LIBY LӐEZ FLORES,DIVERSIFICADO,COOPERATIVA,RURAL,ABIERTA,MONOLINGUE,DOBLE,FIN DE SEMANA,SANTA ROSA
06-08-0084-46,06-036,SANTA ROSA,CHIQUIMULILLA,INSTITUTO NACIONAL DE EDUCACION DIVERSIFICADA,ALDEA LA CURVINA,54176640,JOSE DOMINGO SALAZAR CARIAS,NELSY ADRIANA CHVEZ MART͎EZ,DIVERSIFICADO,OFICIAL,RURAL,ABIERTA,MONOLINGUE,VESPERTINA,DIARIO(REGULAR),SANTA ROSA
06-08-0088-46,06-012,SANTA ROSA,CHIQUIMULILLA,INSITUTO TɃNICO INDUSTRIAL DE CHIQUIMULILLA,RESIDENCIALES SAN ANGEL,41156575,SIRIA ILEANA GONZALEZ REYES DE SIERRA,ARGELIA EDTIH MARROQU͎ LӐEZ,DIVERSIFICADO,PRIVADO,URBANA,ABIERTA,MONOLINGUE,DOBLE,FIN DE SEMANA,SANTA ROSA
06-08-0089-46,06-012,SANTA ROSA,CHIQUIMULILLA,COLEGIO TɃNICO DE COMPUTACIӎ CTS,COLONIA VISTA HERMOSA,78851522,SIRIA ILEANA GONZALEZ REYES DE SIERRA,LUIS ESTUARDO GUDIEL ROBLEDO,DIVERSIFICADO,PRIVADO,URBANA,ABIERTA,MONOLINGUE,DOBLE,DIARIO(REGULAR),SANTA ROSA
06-08-0090-46,06-012,SANTA ROSA,CHIQUIMULILLA,INSTITUTO PARTICULAR MIXTO DE MERCADOTɃNIA Y PUBLICIDAD DE SURORIENTE,BARRIO SANTIAGO,78851585,SIRIA ILEANA GONZALEZ REYES DE SIERRA,BLANCA MAGNOLIA ALVIZURES GRAJEDA,DIVERSIFICADO,PRIVADO,URBANA,ABIERTA,MONOLINGUE,SIN JORNADA,SEMIPRESENCIAL (FIN DE SEMANA),SANTA ROSA
06-08-0093-46,06-012,SANTA ROSA,CHIQUIMULILLA,COLEGIO PARTICULAR MIXTO CENTRO INTEGRAL SISTEMATICO CIS,BARRIO SANTIAGO,78851000,SIRIA ILEANA GONZALEZ REYES DE SIERRA,IRACEMA HIGINIA MORALES ORT͚,DIVERSIFICADO,PRIVADO,URBANA,ABIERTA,MONOLINGUE,SIN JORNADA,SEMIPRESENCIAL (UN D́ A LA SEMANA),SANTA ROSA
06-08-0094-46,06-012,SANTA ROSA,CHIQUIMULILLA,"COLEGIO MIXTO BILING܅ ""LIC. OSMIN PINEDA MELGAR""",COLONIA VISTA HERMOSA,78851774,SIRIA ILEANA GONZALEZ REYES DE SIERRA,MAŔ DEL ROSARIO GUERRERO MART͎EZ,DIVERSIFICADO,PRIVADO,URBANA,ABIERTA,MONOLINGUE,VESPERTINA,DIARIO(REGULAR),SANTA ROSA
06-08-0095-46,06-012,SANTA ROSA,CHIQUIMULILLA,"COLEGIO MIXTO BILING܅ ""LICENCIADO OSMIN PINEDA MELGAR""",COLONIA VISTA HERMOSA,78851774,SIRIA ILEANA GONZALEZ REYES DE SIERRA,MAŔ DEL ROSARIO GUERRERO MART͎EZ,DIVERSIFICADO,PRIVADO,URBANA,ABIERTA,MONOLINGUE,DOBLE,DIARIO(REGULAR),SANTA ROSA
06-08-0257-46,06-012,SANTA ROSA,CHIQUIMULILLA,'ESCUELA NORMAL PARTICULAR DEL SUR',BARRIO SAN SEBASTIAN,78849706,SIRIA ILEANA GONZALEZ REYES DE SIERRA,LISANDRO ABENAMAR FLORES CARBAJAL,DIVERSIFICADO,PRIVADO,URBANA,ABIERTA,MONOLINGUE,VESPERTINA,DIARIO(REGULAR),SANTA ROSA
06-08-0449-46,06-012,SANTA ROSA,CHIQUIMULILLA,INSTITUTO PARTICULAR MIXTO DE MERCADOTECNIA Y PUBLICIDAD DE SURORIENTE,BARRIO SANTIAGO,78851585,SIRIA ILEANA GONZALEZ REYES DE SIERRA,BLANCA MAGNOLIA ALVIZURES GRAJEDA,DIVERSIFICADO,PRIVADO,URBANA,ABIERTA,MONOLINGUE,VESPERTINA,DIARIO(REGULAR),SANTA ROSA
06-08-0471-46,06-012,SANTA ROSA,CHIQUIMULILLA,COLEGIO TECNICO DE COMPUTACION C.T.S.,COLONIA VISTA HERMOSA,78851522,SIRIA ILEANA GONZALEZ REYES DE SIERRA,LUIS ESTUARDO GUDIEL ROBLEDO,DIVERSIFICADO,PRIVADO,URBANA,ABIERTA,MONOLINGUE,VESPERTINA,DIARIO(REGULAR),SANTA ROSA
06-08-1156-46,06-012,SANTA ROSA,CHIQUIMULILLA,"COLEGIO PARTICULAR MIXTO ""CENTRO INTEGRAL SISTEMTICO -CIS-""",CABECERA MUNICIPAL,78849174,SIRIA ILEANA GONZALEZ REYES DE SIERRA,MIRYAM LISBETH HERNNDEZ MART͎EZ,DIVERSIFICADO,PRIVADO,URBANA,ABIERTA,MONOLINGUE,VESPERTINA,DIARIO(REGULAR),SANTA ROSA
06-08-1467-46,06-012,SANTA ROSA,CHIQUIMULILLA,COLEGIO PARTICULAR MIXTO BILINGUE BLESSING,CABECERA MUNICIPAL,78850454,SIRIA ILEANA GONZALEZ REYES DE SIERRA,VIVIAN ODETTE VEGA ORELLANA,DIVERSIFICADO,PRIVADO,URBANA,CERRADA TEMPORALMENTE,MONOLINGUE,VESPERTINA,DIARIO(REGULAR),SANTA ROSA
06-08-1632-46,06-012,SANTA ROSA,CHIQUIMULILLA,ESCUELA SUPERIOR DE INFORMATICA PEDRO MOLINA ESI,BARRIO SANTIAGO AV. PRINCIPAL,42114655,SIRIA ILEANA GONZALEZ REYES DE SIERRA,,DIVERSIFICADO,PRIVADO,URBANA,CERRADA TEMPORALMENTE,MONOLINGUE,VESPERTINA,DIARIO(REGULAR),SANTA ROSA
06-08-1683-46,06-012,SANTA ROSA,CHIQUIMULILLA,INSTITUTO DIVERSIFICADO POR COOPERATIVA DE ENSEсNZA,CABECERA MUNICIPAL,78849776,SIRIA ILEANA GONZALEZ REYES DE SIERRA,MIGUEL ANGEL RODRIGUEZ CRISTALES,DIVERSIFICADO,COOPERATIVA,URBANA,ABIERTA,MONOLINGUE,VESPERTINA,DIARIO(REGULAR),SANTA ROSA
06-08-1742-46,06-012,SANTA ROSA,CHIQUIMULILLA,ESCUELA SUPERIOR DE INFORMATICA 'PEDRO MOLINA' (E.S.I.),"BARRIO SANTIAGO, ZONA 3",42114655,SIRIA ILEANA GONZALEZ REYES DE SIERRA,,DIVERSIFICADO,PRIVADO,URBANA,CERRADA TEMPORALMENTE,MONOLINGUE,DOBLE,FIN DE SEMANA,SANTA ROSA
06-08-1800-46,06-012,SANTA ROSA,CHIQUIMULILLA,COLEGIO PARTICULAR MIXTO 'CENTRO INTEGRAL SISTEMATICO -CIS-',3RA. AVENIDA 4-65 ZONA 2 CHIQUIMULILLA,78849174,SIRIA ILEANA GONZALEZ REYES DE SIERRA,IRACEMA HIGINIA MORALES ORT͚,DIVERSIFICADO,PRIVADO,URBANA,ABIERTA,MONOLINGUE,DOBLE,FIN DE SEMANA,SANTA ROSA
06-08-1828-46,06-012,SANTA ROSA,CHIQUIMULILLA,COLEGIO TECNICO DE COMPUTACION C.T.S,COLONIA VISTA HERMOSA,78851338,SIRIA ILEANA GONZALEZ REYES DE SIERRA,,DIVERSIFICADO,PRIVADO,URBANA,CERRADA TEMPORALMENTE,MONOLINGUE,DOBLE,SABATINO,SANTA ROSA
06-08-1840-46,06-012,SANTA ROSA,CHIQUIMULILLA,INSTITUTO PARTICULAR MIXTO DE MERCADOTECNIA Y PUBLICIDAD DE SURORIENTE,BARRIO SANTIAGO,78851585,SIRIA ILEANA GONZALEZ REYES DE SIERRA,BLANCA MAGNOLIA ALVIZURES GRAJEDA,DIVERSIFICADO,PRIVADO,URBANA,ABIERTA,MONOLINGUE,DOBLE,FIN DE SEMANA,SANTA ROSA
06-08-2001-46,06-012,SANTA ROSA,CHIQUIMULILLA,COLEGIO EN FORMACION 'NUEVO MILENIO',"CASA DEL DR. JORGE PEREZ JACOBO, A UN COSTADO DEL BANCO INDUSTRIAL, SALIDA A CUILAPA",78850105-53334877,SIRIA ILEANA GONZALEZ REYES DE SIERRA,,DIVERSIFICADO,PRIVADO,URBANA,CERRADA TEMPORALMENTE,MONOLINGUE,MATUTINA,DIARIO(REGULAR),SANTA ROSA
06-08-2040-46,06-012,SANTA ROSA,CHIQUIMULILLA,COLEGIO TECNICO DE COMPUTACION 'C.T.S.',COLONIA VISTA HERMOSA,78851522,SIRIA ILEANA GONZALEZ REYES DE SIERRA,,DIVERSIFICADO,PRIVADO,URBANA,CERRADA TEMPORALMENTE,MONOLINGUE,DOBLE,DIARIO(REGULAR),SANTA ROSA
06-09-0027-46,06-019,SANTA ROSA,TAXISCO,INSTITUTO NACIONAL DE EDUCACION DIVERSIFICADA,ALDEA LA CANDELARIA,48165193,JOSE ALBERTO LOPEZ PEREZ,CLAUDIA MARINA GOMEZ MORALES,DIVERSIFICADO,OFICIAL,RURAL,ABIERTA,MONOLINGUE,MATUTINA,DIARIO(REGULAR),SANTA ROSA
06-09-0028-46,06-019,SANTA ROSA,TAXISCO,INSTITUTO NACIONAL DE EDUCACION DIVERSIFICADA,CABECERA MUNICIPAL,42968893,JOSE ALBERTO LOPEZ PEREZ,CARLOS RAFAEL BARRIENTOS ROLDAN,DIVERSIFICADO,OFICIAL,URBANA,ABIERTA,MONOLINGUE,MATUTINA,DIARIO(REGULAR),SANTA ROSA
06-09-0032-46,06-019,SANTA ROSA,TAXISCO,INSTITUTO MIXTO DE EDUCACION DIVERSIFICADA POR COOPERATIVA DE ENSEсNZA,ALDEA LA CANDELARIA,30617107,JOSE ALBERTO LOPEZ PEREZ,WALFRED ALEXI ESCOBAR ALVARADO,DIVERSIFICADO,COOPERATIVA,RURAL,ABIERTA,MONOLINGUE,VESPERTINA,DIARIO(REGULAR),SANTA ROSA
06-09-0036-46,06-019,SANTA ROSA,TAXISCO,CENTRO TECNOLOGICO INDUSTRIAL CETI,CABECERA MUNICIPAL,54770387,JOSE ALBERTO LOPEZ PEREZ,OSCAR ERNESTO MART͎EZ OLIVARES,DIVERSIFICADO,PRIVADO,URBANA,ABIERTA,MONOLINGUE,VESPERTINA,DIARIO(REGULAR),SANTA ROSA
06-09-0037-46,06-019,SANTA ROSA,TAXISCO,"CENTRO TECNOLOGICO INDUSTRIAL ""CETI""",CABECERA MUNICIPAL,54770387,JOSE ALBERTO LOPEZ PEREZ,OSCAR ERNESTO MART͎EZ OLIVARES,DIVERSIFICADO,PRIVADO,URBANA,ABIERTA,MONOLINGUE,DOBLE,FIN DE SEMANA,SANTA ROSA
06-09-0046-46,06-019,SANTA ROSA,TAXISCO,INSTITUTO DE EDUCACION DIVERSIFICADA POR COOPERATIVA DE ENSEсNZA,CABECERA MUNICIPAL,78749833,JOSE ALBERTO LOPEZ PEREZ,SELVIN MINRAY GUEVARA RIVERA,DIVERSIFICADO,COOPERATIVA,URBANA,ABIERTA,MONOLINGUE,DOBLE,FIN DE SEMANA,SANTA ROSA
06-09-0050-46,06-019,SANTA ROSA,TAXISCO,CENTRO TECNOLӇICO INDUSTRIAL CETI,COLONIA BRISAS DEL MAR,54770387,JOSE ALBERTO LOPEZ PEREZ,OSCAR ERNESTO MART͎EZ OLIVARES,DIVERSIFICADO,PRIVADO,URBANA,ABIERTA,MONOLINGUE,SIN JORNADA,SEMIPRESENCIAL (UN D́ A LA SEMANA),SANTA ROSA
06-09-1389-46,06-019,SANTA ROSA,TAXISCO,INSTITUTO DE DIVERSIFICADO POR COOPERATIVA,CABECERA MUNICIPAL,78749833,JOSE ALBERTO LOPEZ PEREZ,SELVIN MINRAY GUEVARA RIVERA,DIVERSIFICADO,COOPERATIVA,URBANA,ABIERTA,MONOLINGUE,VESPERTINA,DIARIO(REGULAR),SANTA ROSA
06-09-1572-46,06-016,SANTA ROSA,TAXISCO,LICEO MIXTO DE EDUCACION DIVERSIFICADA 'MONSEяR JUAN GERARDI CONEDERA',BARRIO SAN MIGUEL,,ELVIA ESTELA ORTIZ PEREZ,,DIVERSIFICADO,PRIVADO,URBANA,CERRADA TEMPORALMENTE,MONOLINGUE,VESPERTINA,DIARIO(REGULAR),SANTA ROSA
06-09-1997-46,06-019,SANTA ROSA,TAXISCO,COLEGIO PARTICULAR MIXTO SAN JOSE,CABECERA MUNICIPAL,77270602,JOSE ALBERTO LOPEZ PEREZ,GLADYS JANETTE MORALES SANTOS,DIVERSIFICADO,PRIVADO,URBANA,ABIERTA,MONOLINGUE,VESPERTINA,DIARIO(REGULAR),SANTA ROSA
06-10-0022-46,06-017,SANTA ROSA,SANTA MARIA IXHUATAN,INSTITUTO NACIONAL DE EDUCACION DIVERSIFICADA,CANTӎ BUENA VISTA,59910109,JOSE OBDULIO BLANCO MEJIA,ROSBY ETELVIA DVILA MOLINA,DIVERSIFICADO,OFICIAL,URBANA,ABIERTA,MONOLINGUE,VESPERTINA,DIARIO(REGULAR),SANTA ROSA
06-10-0030-46,06-017,SANTA ROSA,SANTA MARIA IXHUATAN,"LICEO MIXTO BILINGUE ""PEDAGOGICO MODERNO""",ALDEA ESTANZUELAS,42124143,JOSE OBDULIO BLANCO MEJIA,HILMA GONZLEZ RUANO,DIVERSIFICADO,PRIVADO,RURAL,ABIERTA,MONOLINGUE,MATUTINA,DIARIO(REGULAR),SANTA ROSA
06-10-0040-46,06-017,SANTA ROSA,SANTA MARIA IXHUATAN,"COLEGIO ""NUESTRA SEяRA DEL CARMEN""",CANTӎ EL CENTRO,78846479,JOSE OBDULIO BLANCO MEJIA,LUIS ENRIQUE LEMUS SANTOS,DIVERSIFICADO,PRIVADO,URBANA,ABIERTA,MONOLINGUE,VESPERTINA,DIARIO(REGULAR),SANTA ROSA
06-10-0041-46,06-017,SANTA ROSA,SANTA MARIA IXHUATAN,INSTITUTO DE EDUCACIӎ DIVERSIFICADA POR COOPERATIVA DE ENSEсNZA,ALDEA EL CUJE,50106438,JOSE OBDULIO BLANCO MEJIA,ALMA ELIZABETH CORADO CASTELLANOS,DIVERSIFICADO,COOPERATIVA,RURAL,ABIERTA,MONOLINGUE,VESPERTINA,DIARIO(REGULAR),SANTA ROSA
06-10-1256-46,06-017,SANTA ROSA,SANTA MARIA IXHUATAN,COLEGIO PARTICULAR MIXTO SANTA MARIA,CABECERA MUNICIPAL,57091598,JOSE OBDULIO BLANCO MEJIA,ZULEMA CRISTABEL AGUILAR FRANCO,DIVERSIFICADO,PRIVADO,URBANA,ABIERTA,MONOLINGUE,VESPERTINA,DIARIO(REGULAR),SANTA ROSA
06-10-1932-46,06-017,SANTA ROSA,SANTA MARIA IXHUATAN,LICEO MIXTO BILINGUE PEDAGOGICO MODERNO,ALDEA ESTANZUELAS,42124143,JOSE OBDULIO BLANCO MEJIA,HILMA GONZLEZ RUANO,DIVERSIFICADO,PRIVADO,RURAL,ABIERTA,MONOLINGUE,VESPERTINA,DIARIO(REGULAR),SANTA ROSA
06-11-0022-46,06-037,SANTA ROSA,GUAZACAPAN,INSTITUTO NACIONAL DE EDUCACION DIVERSIFICADA,BARRIO SAN MIGUEL ORIENTE (ENTRADA A LA COLONIA LOS ALMENDROS),55820659,IDANEA MARIBEL MORALES MIJANGOS DE HERNANDEZ,SULYVAN CAROLO GODOY ESTRADA,DIVERSIFICADO,OFICIAL,RURAL,ABIERTA,MONOLINGUE,MATUTINA,DIARIO(REGULAR),SANTA ROSA
06-11-0034-46,06-037,SANTA ROSA,GUAZACAPAN,COLEGIO PARTICULAR MIXTO FRANCISCO ORANTES,BARRIO SAN PEDRO,78846126,IDANEA MARIBEL MORALES MIJANGOS DE HERNANDEZ,GLADYS MARILڠORANTES HERNNDEZ,DIVERSIFICADO,PRIVADO,URBANA,CERRADA TEMPORALMENTE,MONOLINGUE,VESPERTINA,DIARIO(REGULAR),SANTA ROSA
06-11-0043-46,06-037,SANTA ROSA,GUAZACAPAN,"COLEGIO PARTICULAR MIXTO CRISTIANO ""FE VIVA""",CALLE EL COCALITO ALDEA POZA DE AGUA,43874335,IDANEA MARIBEL MORALES MIJANGOS DE HERNANDEZ,CESIA BETZABɠHERNNDEZ GӍEZ,DIVERSIFICADO,PRIVADO,RURAL,ABIERTA,MONOLINGUE,VESPERTINA,DIARIO(REGULAR),SANTA ROSA
06-11-0048-46,06-037,SANTA ROSA,GUAZACAPAN,COLEGIO TECNOLӇICO DE INFORMTICA,BARRIO SAN MIGUEL ORIENTE,78846329,IDANEA MARIBEL MORALES MIJANGOS DE HERNANDEZ,VICTOR MANUEL PɒEZ LӐEZ,DIVERSIFICADO,PRIVADO,URBANA,ABIERTA,MONOLINGUE,SIN JORNADA,SEMIPRESENCIAL (FIN DE SEMANA),SANTA ROSA
06-11-0470-46,06-037,SANTA ROSA,GUAZACAPAN,MIGUEL ANGEL ASTURIAS,CABECERA MUNICIPAL,78846250,IDANEA MARIBEL MORALES MIJANGOS DE HERNANDEZ,TESLA AYDɠAYALA PAZOS,DIVERSIFICADO,PRIVADO,URBANA,ABIERTA,MONOLINGUE,VESPERTINA,DIARIO(REGULAR),SANTA ROSA
06-11-1458-46,06-037,SANTA ROSA,GUAZACAPAN,COLEGIO TECNOLOGICO DE INFORMATICA,BARRIO SAN SEBASTIAN,78846329,IDANEA MARIBEL MORALES MIJANGOS DE HERNANDEZ,VICTOR MANUEL PɒEZ LӐEZ,DIVERSIFICADO,PRIVADO,URBANA,ABIERTA,MONOLINGUE,VESPERTINA,DIARIO(REGULAR),SANTA ROSA
06-11-1594-46,06-037,SANTA ROSA,GUAZACAPAN,ESCUELA NORMAL DE EDUCACION FISICA LIC. ARISTIDES BALDOMERO CRESPO VILLEGAS,BARRIO SAN MIGUEL,78846291,IDANEA MARIBEL MORALES MIJANGOS DE HERNANDEZ,MARIO ROBERTO CASTRO,DIVERSIFICADO,OFICIAL,URBANA,ABIERTA,MONOLINGUE,DOBLE,DIARIO(REGULAR),SANTA ROSA
06-12-0015-46,06-020,SANTA ROSA,SANTA CRUZ NARANJO,INSTITUTO NACIONAL DE EDUCACION DIVERSIFICADA,BARRIO EL CAMPO,47265974,VILDA NOHEMI BARRIENTOS REYES DE CASTELLANOS,SILVIA EUGENIA QUEVEDO FRANCO,DIVERSIFICADO,OFICIAL,URBANA,ABIERTA,MONOLINGUE,VESPERTINA,DIARIO(REGULAR),SANTA ROSA
06-12-0030-46,06-020,SANTA ROSA,SANTA CRUZ NARANJO,SPRING GARDEN COLLEGE,CALLE REAL DEL CALVARIO ALDEA EL TEOCINTE,42145016,VILDA NOHEMI BARRIENTOS REYES DE CASTELLANOS,CLAUDIA GABRIELA PICHILLA TEPAZ,DIVERSIFICADO,PRIVADO,RURAL,ABIERTA,MONOLINGUE,DOBLE,FIN DE SEMANA,SANTA ROSA
06-13-0028-46,06-022,SANTA ROSA,PUEBLO NUEVO VIсS,INSTITUTO NACIONAL DE EDUCACION DIVERSIFICADA,CABECERA MUNICIPAL,59417110,ISCENIA MARLENY LOPEZ MORALES DE HERNANDEZ,DIDIEET DEL ROSARIO GARCIA BLANCO,DIVERSIFICADO,OFICIAL,RURAL,ABIERTA,MONOLINGUE,MATUTINA,DIARIO(REGULAR),SANTA ROSA
06-13-1808-46,06-021,SANTA ROSA,PUEBLO NUEVO VIсS,LICEO PARTICULAR MIXTO 'SAN ANTONIO',4TA. AVENIDA 2-65 ZONA 1,56970435,MARVIN EDUARDO PEREZ DEL CID,SELVIN DONALDO GIRӎ JIMɎEZ,DIVERSIFICADO,PRIVADO,URBANA,ABIERTA,MONOLINGUE,DOBLE,FIN DE SEMANA,SANTA ROSA
06-13-1811-46,06-021,SANTA ROSA,PUEBLO NUEVO VIсS,LICEO PARTICULAR MIXTO 'SAN ANTONIO',,,MARVIN EDUARDO PEREZ DEL CID,SELVIN DONALDO GIRӎ JIMɎEZ,DIVERSIFICADO,PRIVADO,URBANA,ABIERTA,MONOLINGUE,VESPERTINA,DIARIO(REGULAR),SANTA ROSA
06-14-0001-46,06-023,SANTA ROSA,NUEVA SANTA ROSA,"COLEGIO PARTICULAR MIXTO ""LA ESPERANZA""",AV. TEOFILO SOLARES 0-50 ZONA 2,42651870,CESAR EFRAIN BARRERA Y BARRERA,RAFAELA SNCHEZ GARĆ,DIVERSIFICADO,PRIVADO,URBANA,ABIERTA,MONOLINGUE,DOBLE,FIN DE SEMANA,SANTA ROSA
06-14-0012-46,06-023,SANTA ROSA,NUEVA SANTA ROSA,INSTITUTO NACIONAL DE EDUCACION DIVERSIFICADA,CABECERA MUNICIPAL,58948598,CESAR EFRAIN BARRERA Y BARRERA,JENNIFER ISABEL XILOJ CALEL DE MUяZ,DIVERSIFICADO,OFICIAL,URBANA,ABIERTA,MONOLINGUE,VESPERTINA,DIARIO(REGULAR),SANTA ROSA
06-14-0020-46,06-023,SANTA ROSA,NUEVA SANTA ROSA,COLEGIO PARTICULAR MIXTO LA ESPERANZA,AVE. TEOFILO SOLARES 0-50 ZONA 2,30667449,CESAR EFRAIN BARRERA Y BARRERA,RAFAELA SNCHEZ GARĆ,DIVERSIFICADO,PRIVADO,URBANA,ABIERTA,MONOLINGUE,DOBLE,DIARIO(REGULAR),SANTA ROSA
06-14-0025-46,06-025,SANTA ROSA,NUEVA SANTA ROSA,"COLEGIO PARTICULAR MIXTO INTEGRAL ""EL SABER""",CABECERA MUNICIPAL,78889100,ROBERTO GALVEZ DONIS,MARTA LIDIA FLORES AUCEDA,DIVERSIFICADO,PRIVADO,URBANA,ABIERTA,MONOLINGUE,VESPERTINA,DIARIO(REGULAR),SANTA ROSA
06-14-0027-46,06-025,SANTA ROSA,NUEVA SANTA ROSA,COLEGIO PARTICULAR MIXTO LA ESPERANZA,AVE. TEOFILO SOLARES 0-50 ZONA 2,30667449,ROBERTO GALVEZ DONIS,RAFAELA SNCHEZ GARĆ,DIVERSIFICADO,PRIVADO,URBANA,ABIERTA,MONOLINGUE,VESPERTINA,DIARIO(REGULAR),SANTA ROSA
06-14-0030-46,06-023,SANTA ROSA,NUEVA SANTA ROSA,INSTITUTO DE EDUCACIӎ DIVERSIFICADA POR COOPERATIVA DE ENSEсNZA,BARRIO EL CALVARIO,78899292,CESAR EFRAIN BARRERA Y BARRERA,CLARA DELMA SALAZAR DONIS,DIVERSIFICADO,COOPERATIVA,URBANA,ABIERTA,MONOLINGUE,DOBLE,FIN DE SEMANA,SANTA ROSA
06-14-0037-46,06-025,SANTA ROSA,NUEVA SANTA ROSA,INSTITUTO NACIONAL DE EDUCACION DIVERSIFICADA,ALDEA JUMAYTEPEQUE,49182195,ROBERTO GALVEZ DONIS,REINA ELIZETH GONZALEZ DONIS,DIVERSIFICADO,OFICIAL,RURAL,ABIERTA,MONOLINGUE,MATUTINA,DIARIO(REGULAR),SANTA ROSA
06-14-0038-46,06-023,SANTA ROSA,NUEVA SANTA ROSA,INSTITUTO DE EDUCACION DIVERSIFICADA POR COOPERATIVA DE ENSEсNZA,BARRIO EL CALVARIO,78889292,CESAR EFRAIN BARRERA Y BARRERA,CLARA DELMA SALAZAR DONIS,DIVERSIFICADO,COOPERATIVA,URBANA,ABIERTA,MONOLINGUE,VESPERTINA,DIARIO(REGULAR),SANTA ROSA
06-14-0039-46,06-031,SANTA ROSA,NUEVA SANTA ROSA,"CENTRO EDUCATIVO ""NUEVA ASUNCIӎ""",3RA. AVENIDA 10-10 ZONA 1,59232857,JOEL ESTUARDO POCASANGRE FONG,BRENDA ELIZETH ARRIAGA ARREDONDO,DIVERSIFICADO,PRIVADO,URBANA,ABIERTA,MONOLINGUE,SIN JORNADA,SEMIPRESENCIAL (FIN DE SEMANA),SANTA ROSA
06-14-0042-46,06-025,SANTA ROSA,NUEVA SANTA ROSA,"COLEGIO PARTICULAR MIXTO BILING܅ ""PEQUEяS CIENTIFICOS""","3A. AVENIDA 10-63 ZONA 1 CABECERA MUNICIPAL, NUEVA SANTA ROSA, SANTA ROSA",42956799,ROBERTO GALVEZ DONIS,JOSɠANTONIO MARTINEZ ORDOщZ,DIVERSIFICADO,PRIVADO,URBANA,ABIERTA,MONOLINGUE,VESPERTINA,DIARIO(REGULAR),SANTA ROSA
06-14-0043-46,06-025,SANTA ROSA,NUEVA SANTA ROSA,"COLEGIO PARTICULAR MIXTO BILING܅ ""PEQUEяS CIENTIFICOS""","3A. AVENIDA 10-63 ZONA 1 CABECERA MUNICIPAL, NUEVA SANTA ROSA, SANTA ROSA",42956799,ROBERTO GALVEZ DONIS,JOSɠANTONIO MARTINEZ ORDOщZ,DIVERSIFICADO,PRIVADO,URBANA,ABIERTA,MONOLINGUE,DOBLE,DIARIO(REGULAR),SANTA ROSA
06-14-0044-46,06-025,SANTA ROSA,NUEVA SANTA ROSA,"COLEGIO PARTICULAR MIXTO BILING܅ ""PEQUEяS CIENTIFICOS""","3A. AVENIDA 10-63 ZONA 1 CABECERA MUNICIPAL, NUEVA SANTA ROSA, SANTA ROSA",42956799,ROBERTO GALVEZ DONIS,JOSɠANTONIO MART͎EZ ORDOхZ,DIVERSIFICADO,PRIVADO,URBANA,ABIERTA,MONOLINGUE,DOBLE,FIN DE SEMANA,SANTA ROSA
06-14-0045-46,06-025,SANTA ROSA,NUEVA SANTA ROSA,"COLEGIO PARTICULAR MIXTO BILING܅ ""PEQUEяS CIENTIFICOS""","3A. AVENIDA 10-63 ZONA 1 CABECERA MUNICIPAL, NUEVA SANTA ROSA, SANTA ROSA",42956799,ROBERTO GALVEZ DONIS,JOSɠANTONIO MART͎EZ ORDOхZ,DIVERSIFICADO,PRIVADO,URBANA,ABIERTA,MONOLINGUE,SIN JORNADA,SEMIPRESENCIAL (UN D́ A LA SEMANA),SANTA ROSA
06-14-0046-46,06-025,SANTA ROSA,NUEVA SANTA ROSA,INSTITUTO PARTICULAR MIXTO DE COMERCIO,CABECERA MUNICIPAL DE NUEVA SANTA ROSA,78889751,ROBERTO GALVEZ DONIS,KARLA PATRICIA SERRA TURCIOS,DIVERSIFICADO,PRIVADO,URBANA,ABIERTA,MONOLINGUE,MATUTINA,DIARIO(REGULAR),SANTA ROSA
06-14-0049-46,06-025,SANTA ROSA,NUEVA SANTA ROSA,INSTITUTO PARTICULAR MIXTO DE COMERCIO,"12 Y 13 CALLE, ZONA 1, AVENIDA TEӆILO SOLARES CANTӎ PAL͎",48299988,ROBERTO GALVEZ DONIS,KARLA PATRICIA SERRA TURCIOS,DIVERSIFICADO,PRIVADO,URBANA,ABIERTA,MONOLINGUE,SIN JORNADA,SEMIPRESENCIAL (FIN DE SEMANA),SANTA ROSA
06-14-0416-46,06-025,SANTA ROSA,NUEVA SANTA ROSA,INSTITUTO PARTICULAR MIXTO DE COMERCIO,0AV. 10-39 ZONA 1,78889751,ROBERTO GALVEZ DONIS,KARLA PATRICIA SERRA TURCIOS,DIVERSIFICADO,PRIVADO,URBANA,ABIERTA,MONOLINGUE,VESPERTINA,DIARIO(REGULAR),SANTA ROSA
06-14-0450-46,06-025,SANTA ROSA,NUEVA SANTA ROSA,CENTRO EDUCATIVO NUESTRA SEяRA DE LA ESPERANZA,"CASER͏ EL CHILTEPE, ALDEA CHAPAS",40175127,ROBERTO GALVEZ DONIS,HUMBERTA RAMOS PɒEZ,DIVERSIFICADO,PRIVADO,RURAL,ABIERTA,MONOLINGUE,MATUTINA,DIARIO(REGULAR),SANTA ROSA
06-14-1766-46,06-025,SANTA ROSA,NUEVA SANTA ROSA,COLEGIO DE COMPUTACION ACCES,ALDEA EL RIACHUELO,78889145,ROBERTO GALVEZ DONIS,LIDIA ESTELA SALAZAR ARREDONDO,DIVERSIFICADO,PRIVADO,RURAL,ABIERTA,MONOLINGUE,MATUTINA,DIARIO(REGULAR),SANTA ROSA
06-14-1830-46,06-031,SANTA ROSA,NUEVA SANTA ROSA,CENTRO EDUCATIVO NUESTRA SEяRA DE LA ESPERANZA,CASERIO EL CHILTEPE ALDEA CHAPAS,52004719,JOEL ESTUARDO POCASANGRE FONG,,DIVERSIFICADO,PRIVADO,RURAL,CERRADA TEMPORALMENTE,MONOLINGUE,MATUTINA,DIARIO(REGULAR),SANTA ROSA
06-14-1996-46,06-023,SANTA ROSA,NUEVA SANTA ROSA,COLEGIO PARTICULAR MIXTO LA ESPERANZA,CABECERA MUNICIPAL,30667449,CESAR EFRAIN BARRERA Y BARRERA,RAFAELA SNCHEZ GARĆ,DIVERSIFICADO,PRIVADO,URBANA,ABIERTA,MONOLINGUE,VESPERTINA,DIARIO(REGULAR),SANTA ROSA
06-14-2044-46,06-031,SANTA ROSA,NUEVA SANTA ROSA,CENTRO EDUCATIVO NUESTRA SEяRA DE LA ESPERANZA,CASERIO EL CHILTEPE ALDEA CHAPAS,52004719,JOEL ESTUARDO POCASANGRE FONG,HECTOR HERRERA HERRERA,DIVERSIFICADO,PRIVADO,RURAL,CERRADA TEMPORALMENTE,MONOLINGUE,DOBLE,DIARIO(REGULAR),SANTA ROSA
,,,,,,,,,,,,,,,,
157 Establecimientos encontrados ,,,,,,,,,,,,,,,,
alert('Ocurri󠵮 error!\n Thread was being aborted.'),,,,,,,,,,,,,,,,